35	20170418164209		Mozilla5.0X11UbuntuLinuxx86_64rv	2017-04-18T16:35:06 sqfdqds
34	20170418164209		Mozilla5.0X11UbuntuLinuxx86_64rv	2017-04-18T16:35:06 sqfdqds
33	20170418164209		Mozilla5.0X11UbuntuLinuxx86_64rv	2017-04-18T16:35:06 sqfdqds
32	20170418164208		Mozilla5.0X11UbuntuLinuxx86_64rv	2017-04-18T16:35:06 sqfdqds
31	20170418164208		Mozilla5.0X11UbuntuLinuxx86_64rv	2017-04-18T16:35:06 sqfdqds
30	20170418164208		Mozilla5.0X11UbuntuLinuxx86_64rv	2017-04-18T16:35:06 sqfdqds
29	20170418164208		Mozilla5.0X11UbuntuLinuxx86_64rv	2017-04-18T16:35:06 sqfdqds
28	20170418164208		Mozilla5.0X11UbuntuLinuxx86_64rv	2017-04-18T16:35:06 sqfdqds
27	20170418164201		Mozilla5.0X11UbuntuLinuxx86_64rv	2017-04-18T16:35:06 sqfdqds
26	20170418163506		Mozilla5.0X11UbuntuLinuxx86_64rv	2017-04-18T16:33:04 yeah
25	20170418163457		Mozilla5.0X11UbuntuLinuxx86_64rv	what what
24	20170418163304		Mozilla5.0X11UbuntuLinuxx86_64rv	what what
23	20170418163250		Mozilla5.0X11UbuntuLinuxx86_64rv	2017-04-18T16:32:24 what12
22	20170418163232		Mozilla5.0X11UbuntuLinuxx86_64rv	2017-04-18T16:32:24 what
21	20170418163224		Mozilla5.0X11UbuntuLinuxx86_64rv	plop plop
20	20170418163219		Mozilla5.0X11UbuntuLinuxx86_64rv	tasite
19	20170418163051		Mozilla5.0X11UbuntuLinuxx86_64rv	2017-04-18T16:17:38 hey18	20170418161941		Mozilla5.0X11UbuntuLinuxx86_64rv	taiste17	20170418161738		Mozilla5.0X11UbuntuLinuxx86_64rv	2017-04-18T16:16:02 hey16	20170418161602		Mozilla5.0X11UbuntuLinuxx86_64rv	taiste15	20170418161550		Mozilla5.0X11UbuntuLinuxx86_64rv	bigorno14	20170418144003		Mozilla5.0X11UbuntuLinuxx86_64rv	s13	20170418144001		Mozilla5.0X11UbuntuLinuxx86_64rv	ot12	20170418143448		Mozilla5.0X11UbuntuLinuxx86_64rv	ol11	20170418143438		Mozilla5.0X11UbuntuLinuxx86_64rv	yop10	20170418140606		Mozilla5.0X11UbuntuLinuxx86_64rv	prout9	20170418140542		Mozilla5.0X11UbuntuLinuxx86_64rv	taiste8	20170414131127		curl7.47.0	plop7	20170414131120		curl7.47.0	plop6	20170414131113		curl7.47.0	plop5	20170414131053		curl7.47.0	plop4	20170414131040		curl7.47.0	plop3	20170414131038		curl7.47.0	plop2	20170414131036		curl7.47.0	plop1	20170414131033		curl7.47.0	plop
